{
  "dataset": "goodhiv_scaffold_covariate",
  "num_runs": 5,
  "successful_runs": 5,
  "test_auc_values": [
    0.6077924626058059,
    0.5553838748938492,
    0.6376097146728716,
    0.5620947493309053,
    0.5475739376492625
  ],
  "statistics": {
    "mean": 0.5820909478305389,
    "std": 0.03888264723682442,
    "min": 0.5475739376492625,
    "max": 0.6376097146728716
  },
  "timestamp": "2026-01-08 23:01:04"
}